tag,site,DBH cm,height m,crown base ht m, CVS,CVC,bole char ht cm,bole ch DBH perc,bole ch base perc,mean depth consumed cm,prop duff cons ,mean duff depth cm,Cvsprouting percent,max sprout ht cm,scar,1yr_dieback,2yr_mort,2yr_basal sprouting,5yr_mort,,,
201,UWTT,10.7,7.4,3,100,0,0,0,0,0.5,8.33,0.75,0,0,1,100,L,N,L,,,
202,UWTT,19.9,10.1,3.1,100,0,0,0,0,0,0,0,60,0,1,40,L,N,L,,,
203,UWTT,34.8,17.7,6.6,50,0,30,0,5,0,0,0,0,0,1,30,L,N,L,,,
204,UWTT,59.8,18.8,6.4,70,0,2.1,50,80,3.5,79.68,4.542857143,80,15,1,10,L,Y,L,,,
205,UWTT,44.4,16,3.3,100,0,0,0,0,0,0,0,70,0,0,20,L,N,L,,,
206,UWTT,30.4,12.6,7.4,70,0,62,0,20,0,0,0,0,0,1,10,L,N,L,,,
207,UWTT,36.2,10.4,5.7,60,0,105,0,30,0.09,4.38,2,0,0,1,10,L,N,L,,,
208,UWTT,26,15.7,8.4,30,0,14,0,5,0,0,0,0,0,0,0,L,N,L,,,
209,UWTT,23.4,13.3,4.5,80,0,6,10,0,0,0,0,0,0,0,10,L,N,L,,,
210,UWTT,20.3,9.8,7.1,40,0,43,0,10,0.1,8.33,1.2,0,0,1,10,L,N,L,,,
211,UWTT,32,8.8,3.3,60,0,133,10,20,0,0,0,0,0,0,0,L,N,L,,,
212,UWTT,22.6,12.7,6.7,10,0,15,0,10,0.33,12.5,2.6,0,0,1,10,L,N,L,,,
213,UWTT,39.2,17.9,9.7,80,0,20,0,10,0,0,0,0,0,1,20,L,Y,L,,,
214,UWTT,39.5,11.7,3.2,5,0,0,0,0,0,0,0,0,0,0,0,L,N,L,,,
215,UWTT,25.9,12.9,3.6,100,0,25,0,10,0.28,9.5,3.25,70,0,0,10,L,Y,L,,,
216,UWTT,31.6,14.1,4.8,1,0,10,0,1,0,0,0,0,0,0,0,L,N,L,,,
217,UWTT,32.7,7.4,3.1,5,0,0,0,0,0,0,0,0,0,0,0,L,N,L,,,
218,UWTT,29.9,9.7,3.5,10,0,0,0,0,0,0,0,0,0,1,0,L,Y,L,,,
219,UWTT,42,11.8,4.4,90,0,15,0,1,0,0,0,70,0,1,10,L,Y,L,,,
220,UWTT,39.8,15.1,3.9,10,0,0,0,0,0,0,0,0,0,0,0,L,N,L,,,
221,UWTT,22.2,10.3,4.9,100,1,0,0,0,0,0,0,0,0,0,10,L,Y,L,,,
222,UWTT,13.9,7.2,3.5,100,1,0,0,0,0,0,0,10,0,0,10,L,Y,L,,,
223,UWTT,28,11.8,4,10,0,50,0,20,0,0,0,0,0,1,0,L,N,L,,,
224,UWTT,25.5,9.3,4.1,70,0,37,0,10,0.35,22,1.566666667,0,0,1,10,L,N,L,,,
225,UWTT,17.5,11.9,8.5,40,0,10,0,10,0.13,8.33,0.1875,0,0,0,0,L,N,L,,,
226,UWTT,13.2,5.7,4,100,0,73,0,0,0.1,4.55,2.2,0,0,1,100,L,N,L,,,
227,UWTT,21.5,12.6,5.9,80,0,32,0,20,0,0,0,0,0,0,0,L,N,L,,,
228,UWTT,37.4,17.5,6,50,0,25,0,1,0.19,11.03,1.7,0,0,1,0,L,N,L,,,
229,UWTT,42.8,19.4,6.8,0,0,0,0,0,0,0,0,0,0,1,0,L,Y,L,,,
230,UWTT,14.5,10.5,7.5,90,0,38,0,100,2.36,69.74,3.2,0,0,1,10,L,Y,L,,,
231,UWTT,19.9,13,7.5,40,0,22,0,50,0.65,21.53,2.966666667,0,0,1,10,L,Y,L,,,
232,UWTT,21.6,10.5,7.6,100,0,10,0,40,0.33,8.61,3.85,30,5,1,40,L,Y,L,,,
233,UWTT,15.9,7,3.3,80,0,11,0,30,0.31,12.33,2.5,0,0,1,50,L,N,L,,,
234,UWTT,9.1,6.2,4,100,0,20,0,0,0,0,0,0,0,0,20,L,N,L,,,
235,UWTT,38.3,14.1,4.2,90,0,0,0,0,0.16,7.39,2.2,0,0,1,30,L,N,L,,,
236,UWTT,16,9.3,4.6,100,0,100,0,40,1.13,32.8,3.3,80,0,1,50,L,Y,L,,,
237,UWTT,22.2,12.1,6.2,100,0,75,0,10,0,0,0,20,0,0,50,L,N,L,,,
238,UWTT,32.8,10.2,3.9,90,0,70,0,80,1.74,48.33,3.525,0,0,1,10,L,N,L,,,
239,UWTT,7.4,4.8,3.1,100,0,0,0,0,0.6,18.08,3.4,0,0,1,90,L,Y,L,,,
240,UWTT,16.2,11.2,5.5,100,0,72,0,50,0.56,15.33,3.933333333,0,0,0,100,L,N,L,,,
241,UWTT,12.6,8.3,3.7,100,0,0,0,0,0,0,0,5,0,0,100,L,N,L,,,
242,UWTT,28,15,4.4,10,0,16,0,20,0.44,16.22,2.466666667,0,0,1,0,L,N,L,,,
243,UWTT,9,4.5,2.25,90,0,175,30,60,0.28,12.5,2.2,5,0,1,60,L,N,L,,,
244,UWTT,23,14.1,6.3,20,0,40,0,70,0,0,0,0,0,0,10,L,Y,L,,,
245,UWTT,21.8,13,4.7,100,0,8,0,20,0,0,0,0,0,0,50,L,N,L,,,
246,UWTT,17.1,13,9.3,90,0,33,0,70,0.08,3.95,1.9,0,0,1,10,L,N,L,,,
247,UWTT,39.8,11,2.9,10,0,15,0,10,0,0,0,0,0,0,10,L,N,L,,,
248,UWTT,5,3.6,2.17,70,0,7,0,10,0.28,12.97,2.05,0,0,1,30,L,Y,L,,,
249,UWTT,5.1,3.1,2,100,0,23,0,60,0.25,8.77,2.866666667,0,0,1,100,L,N,L,,,
250,UWTT,5,2.85,2,100,0,0,0,0,0,0,0,0,0,1,50,L,Y,L,,,
251,UWTB,21.5,11.7,2,100,1,50,0,50,1.4,50,2.8,60,0,1,50,L,N,L,,,
252,UWTB,8.2,5.4,2.3,100,0,9,0,15,1.43,33.22,3.8,0,0,1,80,L,N,L,,,
253,UWTB,28.6,10.5,3.6,100,1,250,50,50,3.24,60.06,5.1,50,0,1,40,L,N,L,,,
254,UWTB,25.2,10.1,2.7,100,0,100,0,90,0.85,21.94,3.933333333,5,0,1,10,L,N,L,,,
255,UWTB,15.9,13.1,7.1,80,0,10,0,30,3.09,62.55,4.685714286,0,0,1,30,L,N,L,,,
256,UWTB,21.4,8.1,6.3,10,0,22,0,70,1.44,57.82,2.6,0,0,1,10,L,N,,,,
257,UWTB,37.9,11.6,7.1,0,0,37,0,30,1.79,30.56,7.266666667,0,0,1,0,L,N,L,,,
258,UWTB,22.6,11.6,7.6,0,0,7,0,5,0,0,0,0,0,1,10,L,N,L,,,
259,UWTB,20,13.7,6.8,0,0,0,0,0,0,0,0,0,0,0,0,L,N,L,,,
260,UWTB,26.4,14.7,9.1,0,0,0,0,0,0,0,0,0,0,1,0,L,N,L,,,
261,UWTB,13,5.5,4,90,0,25.6,20,100,4.39,71.67,6.014285714,0,0,1,50,L,Y,L,,,
262,UWTB,11.5,6.7,4.6,100,0,151,10,80,0.86,14.24,5.95,0,0,1,70,L,Y,,,,
263,UWTB,18.4,11.1,7.2,80,0,380,50,100,1.84,56.91,3.485714286,0,0,1,10,L,Y,L,,, 
264,UWTB,45.2,14.6,4.2,10,0,5,0,5,0.21,8.5,2.5,0,0,1,0,L,N,L,,,
265,UWTB,30.1,11.2,4.2,30,0,9,0,40,0.16,4.64,3.5,0,0,0,0,L,N,L,,,
266,UWTB,24.1,5.4,1.3,0,0,25,0,50,0.2,4.9,4.1,0,0,1,20,L,N,L,,,
267,UWTB,25.5,13.9,8.4,60,0,25,0,40,0.63,8.93,7,0,0,1,0,L,N,L,,,
268,UWTB,20.2,8.8,2.1,90,0,0,0,0,0,0,0,0,0,1,10,L,N,L,,,
269,UWTB,23.6,11.4,5.2,40,0,63,0,20,0.4,15.2,2.65,0,0,0,10,L,N,L,,,
270,UWTB,6.1,4.2,2.2,100,0,140,40,90,0.61,17.5,0.9,0,0,1,100,L,Y,L,,,
271,UWTB,39.6,17.3,7.8,100,0,3,0,70,2.48,49.12,5.2,80,0,1,0,L,N,L,,,
272,UWTB,29.5,12.9,8.5,10,0,193,10,70,1.75,28.42,13.375,0,0,1,0,L,N,L,,,
273,UWTB,29.3,14.2,7.6,20,0,30,0,30,2.13,51.09,4.233333333,0,0,1,0,L,N,L,,,
274,UWTB,14.6,8.3,2.8,90,5,117,0,90,2.5,47.71,4.716666667,70,0,1,40,L,Y,L,,,
275,UWTB,9.9,5.9,2.2,100,0,310,100,50,0.16,4.69,3.3,40,0,1,60,L,N,,,,
276,UWTB,12,7.5,5.5,100,0,171,40,30,1.63,35.79,4.783333333,60,0,1,40,L,N,L,,,
277,UWTB,15.1,8.7,3.2,100,0,65,0,90,2.89,95.67,4.014285714,30,0,1,50,L,N,L,,,
278,UWTB,25,8.3,3.1,100,5,380,70,70,0.94,25.6,3.7,0,0,1,80,L,Y,L,,,
279,UWTB,9.5,7,2.1,90,0,279,70,50,2.28,42.8,4.866666667,0,0,1,60,L,N,L,,,
280,UWTB,27.9,13.6,4.6,100,0,3.2,50,30,1.6,25,6.4,0,0,1,60,L,N,L,,,
281,UWTB,48.2,27.6,6.9,70,1,175,10,50,0.64,21.32,2.766666667,20,0,1,20,L,N,L,,,
282,UWTB,7,5.2,2.6,100,10,277,70,40,0.14,4.58,3,0,0,1,90,L,Y,D,,,
283,UWTB,19.9,12.8,2.3,100,0,116,5,40,1.95,46,4.216666667,0,0,1,50,L,Y,L,,,
284,UWTB,22.9,17,7.6,20,0,175,25,90,4.28,66.79,6.016666667,0,0,1,10,L,N,L,,,
285,UWTB,16.9,7.9,2.6,100,0,340,50,90,0.28,7.32,3.75,20,0,1,40,L,N,L,,,
286,UWTB,9.9,9.1,4.1,100,0,29,0,70,1.51,23.82,6.266666667,0,0,1,50,L,Y,L,,,
287,UWTB,6,4.6,2.9,100,5,2.9,30,100,1.55,37.95,4.414285714,0,0,0,90,L,Y,L,,,
288,UWTB,15.3,7.5,3,100,0,6,0,20,0,0,0,0,0,1,40,L,N,L,,,
289,UWTB,15.4,6.2,2.7,100,0,170,30,90,2.18,32.92,5.06,0,0,1,80,L,N,L,,,
290,UWTB,17.2,10.2,1.5,60,0,8,0,10,0.94,15.59,3.975,0,0,0,30,L,Y,L,,,
291,UWTB,50.1,13.4,4.2,20,0,41,0,40,1.65,12.5,3.3,0,0,0,10,L,N,L,,,
292,UWTB,18,11,4.8,10,0,4.5,0,40,2.52,32.91,4.6,0,0,1,40,L,N,L,,,
293,UWTB,37.2,12.8,1.6,10,0,81,0,40,2.93,23.59,4.75,0,0,0,10,L,N,L,,,
294,UWTB,15.3,6.2,1.9,100,0,60,0,70,1.56,44.07,3.4,10,0,0,20,L,Y,L,,,
295,UWTB,16.7,11.9,4.3,5,0,50,0,100,7.23,48.53,7.475,0,0,1,0,L,Y,L,,,
296,UWTB,17.2,10,1.4,80,0,10,0,20,3.5,10.54,8.3,0,0,0,10,L,N,L,,,
297,UWTB,9.8,9.3,6.3,100,0,6,0,10,0.5,2.72,4.6,50,0,1,20,L,N,L,,,
298,UWTB,20.4,8.6,2.6,100,0,100,0,80,2.64,26.2,5.875,0,0,1,70,L,N,L,,,
299,UWTB,5.2,3.2,2.4,100,0,63,0,0,0,0,0,0,0,0,100,L,Y,L,,,
300,UWTB,37.6,13.7,6,90,0,5.1,60,70,4.12,42.4,5.9,70,0,0,10,L,N,L,,,
443,HLD01,5.5,3.3,1.4,100,0,30,0,100,4.37,54.35,6.683333333,0,20,0,100,TK,Y,,,,
444,HLD01,12.5,8.5,3.1,30,0,15,0,50,0,0,0,0,0,0,0,L,N,,,,
445,HLD01,11.5,10.3,5.9,0,0,0,0,0,0,0,0,0,0,0,0,L,N,,,,
446,HLD01,12.2,9.5,4.6,100,0,55,0,90,4.5,12.5,9,20,0,0,70,L,N,,,,
447,HLD01,13.6,7.2,2.1,90,0,90,0,100,2.05,20.56,4.766666667,50,0,0,40,L,Y,,,,
448,HLD01,29.2,9.2,5.3,100,0,175,60,100,7.16,79.64,8.585714286,0,0,0,100,TK,Y,,,,
449,HLD01,19.2,11.9,4.5,100,0,114,0,100,6.75,84.32,7.475,60,0,0,20,L,Y,,,,
450,HLD01,21.4,13.3,5.8,60,70,52,0,100,2.2,43.18,4.457142857,30,0,0,10,L,Y,,,,
451,HLD01,14.2,7.1,3.9,50,0,10,0,20,0,0,0,0,0,0,0,L,N,,,,
452,HLD01,11.2,6.4,2.6,30,0,33,0,60,1.4,8.05,4.45,0,0,0,10,L,N,,,,
453,HLD01,19.5,8.7,5.2,70,0,33,0,60,8.85,50,8.85,0,0,0,10,L,Y,,,,
454,HLD01,20.7,11,3.7,100,0,28,0,50,6.4,25,6.4,0,0,0,20,L,N,,,,
455,HLD01,11.9,10.2,5.5,100,0,19,0,70,1.8,12.02,3.7,70,0,0,0,L,N,,,,
456,HLD01,15.7,10.8,6.1,60,0,11,0,40,1,8.59,2.8,0,0,0,10,L,N,,,,
457,HLD01,20,11.5,4.7,70,0,40,0,100,4.29,72.88,5.785714286,0,0,0,0,L,N,,,,
458,HLD01,23.1,13.7,6,60,0,41,0,100,5.05,78.53,6.45,0,0,0,0,L,N,,,,
459,HLD01,27,12,2.7,100,0,0.6,0,50,4.83,27.4,6.366666667,80,0,0,20,L,N,,,,
460,HLD01,27.1,11,2.9,20,0,0,0,0,0,0,0,0,0,0,10,L,N,,,,
461,HLD01,23.2,12.1,3.5,60,0,56,0,40,6.25,50,6.25,0,0,0,20,L,Y,,,,
462,HLD01,23,12.02,5.3,40,0,13,0,40,9.93,37.5,9.933333333,0,0,0,0,,,,,,
463,HLD01,29.7,11.7,3,20,0,0.2,0,1,0,0,0,0,0,0,10,L,N,,,,
464,HLD01,34,10.9,3.7,80,5,140,20,80,2.43,52.06,4.542857143,0,0,0,10,L,Y,,,,
465,HLD01,27.2,13.7,4.7,50,0,26,0,70,2.93,20.07,5.233333333,0,0,0,10,L,N,,,,
466,HLD01,10,5.5,1.9,100,5,47,0,30,0,0,0,0,0,0,40,L,N,,,,
467,HLD01,30,11.2,2.5,100,0,78,0,100,4.49,62.32,6.214285714,0,0,0,10,L,N,,,,
468,HLD01,24.5,12.3,3,100,0,166,10,100,4.31,61.87,6.45,5,0,0,30,L,N,,,,
469,HLD01,13.4,9.4,2.9,10,0,12,0,100,0,0,0,0,0,0,0,L,N,,,,
470,HLD01,10.6,7.1,2.7,100,0,58,0,100,1,3.47,3.6,0,0,0,30,L,N,,,,
471,HLD01,12.4,10.6,2,100,0,47,0,100,2.5,43.2,3.7,80,0,0,90,L,Y,,,,
472,HLD01,19.6,10.2,4.9,100,0,51,0,10,1.4,6.48,2.7,0,0,0,80,L,N,,,,
473,HLD01,5.2,4.4,1.73,100,0,37,0,100,5.53,46.44,8.966666667,0,0,0,100,TK,Y,,,,
474,HLD01,16.7,11.2,4.3,100,0,190,80,90,5.1,73.16,5.857142857,0,0,0,30,L,N,,,,
475,HLD01,13.8,11.7,5,60,0,25,0,70,2.98,39.98,3.85,0,0,0,20,L,N,,,,
476,HLD01,13.9,7.3,1.6,100,0,86,0,100,1.79,40.99,4.228571429,25,0,0,70,L,Y,,,,
477,HLD01,14,8.8,2.1,90,0,63,0,50,1.73,26.65,2.8,0,0,0,10,L,N,,,,
478,HLD01,15,10.8,3.6,40,0,61,0,80,0,0,0,0,0,0,10,L,N,,,,
479,HLD01,12.6,8.9,3.1,40,0,30,0,50,0,0,0,0,0,0,10,L,N,,,,
480,HLD01,9.6,5.3,4.5,20,0,135,40,100,3.56,69.56,5.0875,0,0,0,40,D,N,,,,
481,HLD01,19.4,14.7,3.5,100,0,40,0,100,6.35,91.4,6.8875,40,0,0,30,L,N,,,,
482,HLD01,18.3,4.4,1.7,100,50,133,10,100,7.1,98.73,7.1875,0,0,0,100,TK,Y,,,,
483,HLD01,18.3,12.7,2.8,100,0,110,0,100,6.65,83.53,7.7125,0,0,0,50,L,Y,,,,
484,HLD01,27.3,12,7.4,60,0,117,0,100,8.14,83.77,9.3125,0,0,0,20,L,Y,,,,
485,HLD01,26.4,13.4,3.1,80,0,4.4,70,100,6.35,89.6,6.975,0,0,0,50,L,Y,,,,
486,HLD01,22,12.5,2.7,30,0,87,0,60,3.05,50.05,6.02,0,0,0,20,L,N,,,,
487,HLD01,22.1,10.4,7.4,40,0,0,0,0,0,0,0,0,0,0,30,L,N,,,,
488,HLD01,17.2,5.7,1.5,80,10,76,0,90,2.17,41.07,4.814285714,0,0,0,10,L,N,,,,
489,HLD01,9.4,5.3,2.5,100,0,30,0,100,6.16,78.38,7.971428571,0,0,0,100,L,N,,,,
490,HLD01,12.5,11.1,6.9,50,0,20,0,80,0.06,2.02,3.1,0,0,0,10,L,N,,,,
491,HLD01,19.8,7.3,5.4,100,0,80,0,100,1.03,30.53,3.12,0,0,0,40,L,N,,,,
492,HLD01,18,13.1,6.1,10,0,14,0,10,0.15,2.34,3.2,0,0,0,10,L,N,,,,
493,HLD01,14.5,12.8,5.6,20,0,12,0,60,2.5,43.09,5.9,0,0,0,10,L,N,,,,
941,HLD02,13.5,8.7,3.2,0,0,0,0,0,0,0,0,0,0,0,30,L,N,,,,
942,HLD02,17.3,12,4.8,10,0,0,0,0,0,0,0,0,0,0,15,L,N,,,,
943,HLD02,35.9,15.4,2.6,20,0,40,0,20,0.31,3.91,0,0,0,0,10,L,N,,,,
944,HLD02,11.1,7.5,3.3,100,0,0,0,0,0,0,0,0,0,0,70,L,N,,,,
945,HLD02,22.4,12.6,4.6,30,0,0,0,0,0,0,0,0,0,0,10,L,N,,,,
946,HLD02,11.9,7.2,2.6,100,0,0,0,0,0.34,5.63,0,0,0,0,20,L,N,,,,
947,HLD02,9.2,7.5,2.7,10,0,0,0,0,0,0,0,0,0,0,10,L,N,,,,
948,HLD02,23.4,13,5.6,0,0,0,0,0,0,0,0,0,0,0,15,L,N,,,,
949,HLD02,22.2,8.3,3.7,100,0,0,0,0,0,0,0,0,0,0,40,L,N,,,,
950,HLD02,32,10.6,5.2,40,0,0,0,0,0,0,0,0,0,0,0,L,N,,,,
951,HLD02,24.5,9.9,1.4,60,0,6,0,10,0.88,12.5,0,0,0,0,20,L,N,,,,
952,HLD02,24.6,12.4,2.7,50,0,0,0,0,0,0,0,0,0,0,10,L,N,,,,
953,HLD02,16.1,8.6,3,10,0,0,0,0,0,0,0,0,0,0,10,L,N,,,,
954,HLD02,18,11.4,5.1,0,0,0,0,0,0,0,0,0,0,0,0,L,N,,,,
955,HLD02,22.9,12,3.3,0,0,0,0,0,0,0,0,0,0,0,0,L,N,,,,
956,HLD02,23.1,10.9,3.4,30,0,7,0,10,2.25,37.5,0,0,0,0,10,L,N,,,,
957,HLD02,19.8,9.1,2.9,100,0,80,0,100,0.06,3.13,0,0,0,0,40,L,N,,,,
958,HLD02,20,9.7,2.1,60,0,0,0,0,0,0,0,0,0,0,10,L,N,,,,
959,HLD02,23,13.5,4.6,0,0,0,0,0,0,0,0,0,0,0,0,L,N,,,,
960,HLD02,13.1,6.4,4.2,100,0,28,0,100,0,0,0,0,0,0,20,L,N,,,,
961,HLD02,9,5.4,2.4,100,0,240,100,80,0,0,0,0,0,0,80,L,N,,,,
962,HLD02,18.7,11.7,5.3,100,0,20,0,80,0.38,6.82,0,0,0,0,20,L,N,,,,
963,HLD02,18.4,10.5,4.5,100,0,140,50,30,0.98,18.48,0,0,0,0,50,L,N,,,,
964,HLD02,23.3,6.3,3.2,10,0,0,0,0,0.63,6.94,0,0,0,0,10,L,N,,,,
965,HLD02,25.4,13,7.4,10,0,12,0,50,0,0,0,0,0,0,0,L,N,,,,
966,HLD02,16.9,10.6,4.4,40,0,15,0,20,1.78,24.69,0,0,0,0,10,L,N,,,,
967,HLD02,11.1,6.7,3.3,100,0,160,0,100,3.31,41.73,0,0,0,0,30,L,N,,,,
968,HLD02,20.1,14.3,5.4,10,0,32,0,60,0,0,0,0,0,1,10,L,N,,,,
969,HLD02,16.5,7.8,2.9,100,0,90,0,100,5.23,58.79,0,0,49,1,100,TK,Y,,,,
970,HLD02,18.7,12.3,3.9,100,0,210,30,60,1.65,27.86,0,0,0,0,10,L,N,,,,
971,HLD02,20.7,13,4.4,80,0,180,30,40,0.59,13,0,0,0,1,10,L,N,,,,
972,HLD02,14.7,10.8,4.1,100,0,86,0,40,1.63,31.4,0,0,0,1,30,L,N,,,,
973,HLD02,29.1,11.8,2,30,0,27,0,100,4.85,74.52,0,0,0,0,10,L,N,,,,
974,HLD02,14.1,9.3,4.1,50,0,53,0,90,0,0,0,0,0,1,0,L,N,,,,
975,HLD02,26.3,13.8,2.9,30,0,60,0,80,1.34,27.85,0,0,0,0,10,L,N,,,,
976,HLD02,18.3,8.6,3.2,90,0,30,0,70,0.19,4.46,0,0,0,0,40,L,N,,,,
977,HLD02,17.9,9.4,2.7,100,0,0,0,0,0,0,0,0,0,1,70,L,N,,,,
978,HLD02,15.7,9.5,3.6,0,0,0,0,0,0,0,0,0,0,0,0,L,N,,,,
979,HLD02,15,6.5,3.2,0,0,0,0,0,0,0,0,0,0,1,10,L,N,,,,
980,HLD02,32.7,19.1,4.2,0,0,0,0,0,0,0,0,0,0,0,0,L,N,,,,
981,HLD02,19.5,8.6,4.9,10,0,0,0,0,0,0,0,0,0,0,0,L,N,,,,
982,HLD02,5.1,3.6,2.6,100,10,360,70,0,0,0,0,0,112,0,100,TK,Y,,,,
983,HLD02,40.9,15.4,6.3,0,0,0,0,0,0,0,0,0,0,0,0,L,N,,,,
984,HLD02,12.9,10,3.4,0,0,0,0,0,0,0,0,0,0,0,0,L,N,,,,
985,HLD02,22.8,14.8,7.5,10,0,20,0,40,0,0,0,0,0,0,5,L,N,,,,
986,HLD02,18.5,11.4,2.5,100,0,7,0,10,1.59,25,0,0,0,1,70,L,N,,,,
987,HLD02,15.2,11.4,4.9,40,0,0,0,0,0,0,0,0,0,0,40,L,N,,,,
988,HLD02,20,12.1,2.8,90,0,0,0,0,0,0,0,0,0,0,20,L,N,,,,
989,HLD02,15.9,6.2,3.9,40,0,0,0,0,2.34,46.87,0,0,0,1,10,L,N,,,,
990,HLD02,7.4,3.5,1.8,100,0,0,0,0,0,0,0,0,0,1,10,L,N,,,,
61,LH02,44.40,17.70,7.10,100,0,0,0,0,0,0,0,,,0,40,L,N,,,,
62,LH02,13.40,10.50,3.20,10,0,0,0,0,0,0,0,,,0,10,L,N,,,,
63,LH02,24.40,17.90,7.10,10,0,0.38,0,80,6.0375,0.955139373,6.2625,,,0,0,L,N,,,,
64,LH02,10.10,4.70,1.70,100,0,1.06,0,100,8.8375,0.946482684,9.1,,,0,0,D,N,,,,
65,LH02,20.60,15.60,6.40,100,0,1,0,100,4.442857143,0.697115385,4.757142857,,,0,5,L,N,,,,
66,LH02,61.00,19.20,9.20,20,0,0.25,0,10,7.742857143,0.75,7.742857143,,,0,5,L,N,,,,
67,LH02,6.50,4.90,6.30,100,5,2.3,80,100,3.214285714,0.788461538,3.857142857,,,0,100,TK,Y,,,,
68,LH02,17.80,13.40,7.30,100,0,1,0,100,8.425,0.99625,6.775,,,1,20,L,Y,,,,
69,LH02,21.50,17.40,10.40,20,0,0.7,0,100,6.85,0.968243243,7.075,,,0,0,L,N,,,,
70,LH02,31.60,17.00,7.70,100,0,1.4,60,100,9.6875,1,9.6875,,,0,30,L,N,,,,
71,LH02,17.00,12.50,6.20,100,0,0.6,0,70,9.875,0.875,9.875,,,0,10,L,N,,,,
72,LH02,21.30,17.60,7.30,10,0,0.05,0,5,0,0,0,,,0,0,L,N,,,,
73,LH02,20.10,11.70,4.80,100,0,1.1,0,100,9.475,0.8375,9.6625,,,0,10,L,N,,,,
74,LH02,23.30,17.40,6.80,10,0,0.1,0,10,8.916666667,0.75,8.916666667,,,0,10,L,N,,,,
75,LH02,31.00,16.30,8.50,40,0,0.95,100,100,8.925,1,8.925,,,0,0,L,N,,,,
76,LH02,25.00,17.70,8.70,10,0,0.6,0,100,6.3375,0.966549296,6.575,,,0,0,L,N,,,,
77,LH02,18.30,11.20,2.10,30,0,0.3,20,10,4.8,0.670833333,5.166666667,,,0,10,L,N,,,,
78,LH02,8.90,6.00,3.30,100,0,4.9,20,100,10.15,0.9625,10.3375,,,0,100,D,N,,,,
79,LH02,4.60,3.70,1.40,100,0,0.75,,,6.185714286,0.861979167,6.257142857,,,1,100,D,N,,,,
80,LH02,5.20,3.90,2.00,100,0,0.47,0,0,8.5,0.907838983,9.1,,,0,100,TK,Y,,,,
81,LH02,23.30,12.40,1.80,20,0,0.43,0,70,5.1375,0.678965336,5.7875,,,1,5,L,N,,,,
82,LH02,24.20,14.40,5.20,10,0,0.09,0,20,2.3125,0.427517361,3.0125,,,0,0,L,N,,,,
83,LH02,21.20,15.10,6.80,100,0,0.2,0,50,3.2125,0.804513889,3.75,,,0,0,L,N,,,,
84,LH02,26.50,10.30,5.20,100,0,0.7,0,90,3.9,0.375,3.9,,,0,10,L,N,,,,
85,LH02,33.50,15.10,9.30,100,0,1.5,25,100,11.5,0.724431818,11.8,,,0,0,L,N,,,,
86,LH02,24.30,15.40,9.80,100,0,0.9,0,100,8.514285714,0.850087413,8.728571429,,,0,50,L,N,,,,
87,LH02,25.30,18.40,7.40,100,0,0.9,0,70,6.65,1,6.65,,,0,40,L,N,,,,
88,LH02,21.00,11.10,4.90,70,0,1.6,30,30,4.6125,0.935511364,4.8875,,,0,0,L,N,,,,
89,LH02,20.20,10.40,2.80,80,0,0,0,0,4.3375,0.910714286,4.65,,,1,10,L,N,,,,
90,LH02,10.20,7.30,1.80,20,0,0.05,0,10,7.25,1,7.25,,,0,20,L,N,,,,
91,LH02,20.00,10.90,1.90,20,0,0.54,0,60,8.066666667,0.697222222,8.383333333,,,0,5,L,N,,,,
92,LH02,10.20,4.60,1.50,20,0,0,0,0,0,0,0,,,0,0,L,N,,,,
93,LH02,27.70,15.90,8.40,80,0,3.9,100,100,10.7,0.875,10.7,,,0,30,L,N,,,,
94,LH02,20.80,10.20,2.60,60,0,0.5,0,20,5.2625,0.827272727,5.5125,,,0,20,L,N,,,,
95,LH02,20.30,8.40,2.50,100,0,0,0,0,2.2125,0.5,2.2125,,,0,20,L,N,,,,
96,LH02,18.40,12.30,5.60,100,0,1.7,20,40,4.425,0.975496032,4.55,,,0,40,L,N,,,,
97,LH02,11.50,7.40,3.10,100,0,0.5,0,100,7.157142857,0.808510638,7.514285714,,,0,0,L,N,,,,
98,LH02,31.50,13.70,4.70,5,0,0.9,0,90,2.814285714,0.652972028,3.4,,,0,0,L,N,,,,
99,LH02,5.20,4.70,2.10,100,0,0.8,0,100,7.475,1,7.475,,,0,100,TK,Y,,,,
100,LH02,27.70,20.20,13.20,40,0,2.2,30,50,4.625,0.797916667,5.0125,,,0,0,L,N,,,,
101,LH02,35.50,19.40,7.50,90,0,0.08,0,10,2.675,0.458333333,3.05,,,0,30,L,N,,,,
102,LH02,16.70,9.80,2.60,10,0,0.02,0,20,4.2125,0.854166667,4.275,,,0,0,NA,N,,,,
103,LH02,5.40,3.60,2.70,100,0,0.9,,,4.7375,0.968269231,5.15,,,0,100,TK,Y,,,,
104,LH02,25.20,18.20,10.10,90,0,1.1,40,100,7.442857143,0.875,7.442857143,,,0,0,L,N,,,,
105,LH02,26.60,16.10,6.70,20,0,0,0,0,3.975,0.625,3.975,,,0,0,L,N,,,,
106,LH02,10.20,7.80,2.30,90,0,1.5,30,100,8.82,0.625,8.82,,,0,20,L,N,,,,
107,LH02,14.60,11.80,3.30,20,0,0.8,0,100,0.7375,0.158088235,1.05,,,0,10,L,N,,,,
108,LH02,22.40,12.90,2.20,40,0,0,0,0,0,0,0,,,0,10,NA,N,,,,
109,LH02,17.10,11.50,3.60,30,0,0.5,0,20,3.5,0.623042929,5.125,,,0,70,NA,N,,,,
110,LH02,34.00,15.60,3.10,10,0,0.1,0,10,2.9,0.507453524,3.4625,,,0,5,NA,N,,,,
401,LH02,14.90,6.70,2.10,90,0,0,0,0,8.475,1,8.475,,,0,100,NA,N,,,,
32,WS02_S,8.90,4.10,0.61,10,0,0,0,0,0,0,0,,,0,5,L,,,,,
33,WS02_S,17.60,9.40,6.30,50,0,0.18,0,70,4.2625,0.857142857,4.7,,,0,0,L,,,,,
34,WS02_S,21.60,10.50,1.70,0,0,0.21,0,100,3.8375,0.884027778,4.25,,,0,10,L,,,,,
35,WS02_S,3.50,3.00,0.60,100,0,0.03,0,10,2.9375,0.6875,3.5,,,0,50,L,,,,,
36,WS02_S,13.30,8.10,1.30,100,10,1.49,10,100,7.714285714,1,7.714285714,,,0,90,L,,,,,
37,WS02_S,1.20,5.70,1.50,100,0,0.8,0,100,8.4125,1,8.4125,,,0,100,L,,,,,
38,WS02_S,6.10,5.10,2.70,100,0,0.3,0,100,4.525,0.946428571,4.7125,,,0,100,L,,,,,
39,WS02_S,25.70,11.10,2.40,100,20,2.74,100,100,6.1875,1,6.1875,,,0,100,NA,,,,,
40,WS02_S,8.80,5.10,2.00,100,0,0.55,0,100,5.428571429,1,5.428571429,,,0,100,L,,,,,
41,WS02_S,23.20,8.40,1.70,100,10,1.95,50,100,6.142857143,0.974025974,6.285714286,,,0,90,L,,,,,
42,WS02_S,14.20,8.10,2.20,100,0,0.65,0,100,7.3125,0.975,7.5,,,0,60,L,,,,,
43,WS02_S,18.50,8.70,3.80,100,0,0.4,0,80,7.333333333,0.907101449,8.416666667,,,0,10,L,,,,,
44,WS02_S,15.80,9.50,4.70,100,0,0.68,0,100,9.75,1,9.75,,,0,60,L,,,,,
45,WS02_S,3.80,3.60,1.70,100,0,0,0,0,6.6875,1,6.6875,,,0,100,L,,,,,
46,WS02_S,10.90,7.10,2.00,100,0,0.2,0,100,6.8125,0.928125,7.4375,,,0,40,L,,,,,
47,WS02_S,26.80,16.10,3.60,100,0,0.9,0,100,6.285714286,0.964285714,6.428571429,,,0,30,L,,,,,
48,WS02_S,24.70,11.40,3.80,80,0,0.6,0,50,7.0625,0.888848651,7.75,,,1,5,L,, ,,,
49,WS02_S,13.90,5.50,1.20,100,0,1,0,90,8,0.974789916,8.214285714,,,1,100,L,,,,,
50,WS02_S,3.10,2.70,1.20,80,0,0,0,0,0.4375,0.109375,4,,,1,50,L,,,,,
51,WS02_N,6.10,4.80,0.70,,,,,,,,,,,0,0,L,,,,,
552,WS02_S,5.20,3.10,0.90,100,30,0,0,0,0.875,0.367119565,1.9125,,,0,95,L,,,,,
553,WS02_S,27.90,15.30,4.80,100,10,2.74,100,100,9.125,1,9.125,,,0,50,L,,,,,
554,WS02_S,7.30,4.70,1.30,100,0,1.15,0,50,5.5625,1,5.5625,,,0,100,D,,,,,
555,WS02_S,16.00,7.00,1.30,100,10,1.73,50,100,8.2,1,8.2,,,0,100,L,,,,,
556,WS02_S,15.40,10.60,2.10,100,40,0.85,20,90,7.4375,1,7.4375,,,0,95,L,,,,,
557,WS02_N,11.60,8.50,2.20,0,,0,0,0,0,0,0,,,1,0,L,,,,,
558,WS02_N,12.10,4.20,2.00,10,,0,0,0,0,0,0,,,0,20,L,,,,,
559,WS02_N,15.50,7.30,2.50,,,,,,,1,,,,0,60,L,,,,,
560,WS02_N,22.70,10.50,1.20,,,,,,,,,,,0,0,L,,,,,
561,WS02_N,8.20,6.40,1.70,10,,0.3,0,100,3.9875,0.96547619,4.125,,,0,10,NA,,,,,
562,WS02_N,14.70,9.50,1.20,20,,0.25,0,90,8.2625,1,8.2625,,,0,10,L,,,,,
563,WS02_N,9.50,6.30,1.90,0,,0,0,0,0,0,0,,,0,0,L,,,,,
564,WS02_N,14.90,7.40,1.40,20,,0.25,0,100,6.775,1,6.775,,,0,10,L,,,,,
565,WS02_N,17.00,10.90,2.10,30,,0.2,0,100,2.971428571,0.663265306,4.614285714,,,0,10,L,,,,,
566,WS02_N,11.00,8.70,5.60,0,,0.7,0,100,4.5875,0.841804029,5.85,,,0,0,L,,,,,
567,WS02_N,20.50,11.10,2.70,100,,0.25,0,100,14.5,0.944444444,14.66666667,,,0,10,L,,,,,
568,WS02_N,11.00,5.90,2.00,60,,0.65,0,20,5.128571429,0.719659934,7.514285714,,,0,50,L,,,,,
569,WS02_N,13.90,9.30,4.20,0,,0,0,0,0,0.125,0,,,0,0,L,,,,,
570,WS02_N,10.50,8.70,3.70,0,,0.05,0,80,2.7,0.396829126,7.375,,,0,0,L,,,,,
571,WS02_N,5.70,3.90,1.40,100,,1.15,0,100,2.6875,0.546310333,6.475,,,0,100,TK,,,,,
572,WS02_N,6.70,4.60,1.00,0,,3,0,100,1.5,0.386676627,5.025,,,0,10,L,,,,,
573,WS02_N,9.00,5.20,2.60,0,,0.4,0,50,7,0.4,7.75,,,0,10,L,,,,,
574,WS02_N,14.00,9.50,2.90,0,,0.25,0,70,12.275,0.979166667,12.525,,,0,0,L,,,,,
575,WS02_N,4.20,3.80,0.90,20,,0.47,0,100,2.683333333,0.616249535,4.45,,,0,20,NA,,,,,
576,WS02_N,15.70,9.10,1.20,60,,0.18,0,80,6.1,0.561161854,9.914285714,,,0,30,L,,,,,
577,WS02_N,18.40,10.60,3.20,100,,3.2,20,100,7.228571429,0.668575431,10.07142857,,,0,20,L,,,,,
578,WS02_N,15.60,10.20,1.90,5,,0,0,0,0,0.142857143,0,,,0,10,L,,,,,
579,WS02_N,13.80,11.40,1.60,0,,0.3,0,100,3.825,0.61336927,7.275,,,0,0,L,,,,,
580,WS02_N,20.90,15.80,1.90,20,,0.3,0,100,4.9,0.761538462,6.114285714,,,0,10,L,,,,,
581,WS02_N,10.20,8.50,4.50,100,,0.5,0,100,6.675,0.750618132,10.5875,,,1,20,L,,,,,
991,UWE_04,44.80,13.1,2.8,10,0,0,0,0,4.15,0.377272727,7.25,,,1,10,L,,,,,
992,UWE_04,22.80,10,3.7,0,0,66,0,30,5.433333333,0.833333333,5.916666667,,,0,10,L,,,,,
993,UWE_04,6.50,4.9,1.7,10,0,0,0,0,1.525,0.289367267,4.4875,,,0,30,L,,,,,
994,UWE_04,9.80,5.7,1.8,20,0,35,0,20,0.371428571,0.079027356,4.614285714,,,0,10,L,,,,,
995,UWE_04,12.60,4.2,1.8,90,0,34,0,80,3.1,0.661233211,4.2125,,,0,20,L,,,,,
996,UWE_04,6.30,2.4,1.3,50,0,150,70,60,4.875,1.09724034,7.4125,,,0,60,L,,,,,
997,UWE_04,20.00,11.3,6.5,0,0,10,0,90,4.125,0.628013778,6.8625,,,0,0,L,,,,,
998,UWE_04,15.00,9.3,3.2,30,0,6,0,20,6.3,0.952205882,6.4625,,,0,20,L,,,,,
999,UWE_04,7.50,5.3,1.5,0,0,0,0,0,0,0,6.728571429,,,0,0,L,,,,,
1000,UWE_04,6.70,4.89,2.17,0,0,51,0,100,3.15,0.623719566,5.4125,,,0,10,L,,,,,
2327,UWE_04,4.50,2.01,1.14,60,0,129,0,80,1.1125,0.184807692,5.0375,,,0,10,L,,,,,
2339,UWE_04,5.70,4.8,2.4,0,0,50,0,90,2.9375,0.60450448,4.55,,,0,20,L,,,,,
2340,UWE_04,10.20,7.7,2.71,0,0,103,0,60,1.1,0.198727655,4.771428571,,,0,20,L,,,,,
2341,UWE_04,35.80,14.2,5.28,0,0,45,0,10,0.9,0.175480769,4.6875,,,0,0,L,,,,,
2342,UWE_04,4.80,2.26,0.92,0,0,53,0,50,4.571428571,0.561415988,8.142857143,,,0,60,L,,,,,
2343,UWE_04,23.00,11.89,1.96,0,0,10,0,5,2.716666667,0.355293769,6.65,,,0,0,L,,,,,
2344,UWE_04,33.00,16.3,6.6,0,0,0,0,0,0,0,4.7,,,0,0,L,,,,,
2345,UWE_04,17.20,7.88,4.43,0,0,12,0,20,4.371428571,0.580804954,6.814285714,,,0,0,L,,,,,
2346,UWE_04,14.50,8.66,2.6,20,0,95,0,80,1.557142857,0.346642666,4.257142857,,,0,20,L,,,,,
2363,UWE_04,31.80,13.32,3.74,0,0,43,0,90,4.575,1.444860248,4.6375,,,0,0,L,,,,,
2368,UWE_04,25.00,15.9,3.73,0,0,0,0,0,0.642857143,0.079121201,6.571428571,,,0,10,L,,,,,
2389,UWE_04,6.40,4.73,3.2,10,0,25,0,100,2.571428571,0.447644484,4.742857143,,,0,50,L,,,,,
2410,UWE_04,37.50,16.5,3.9,0,0,0,0,0,1.0875,0.127199172,7.3875,,,0,0,L,,,,,
